Workbook

Sheet Summary
A1: Residential proxy benchmark, 5-8 Oct 2026. Pooled over three test servers (USA, Germany, Singapore). Success rates with 95% Wilson confidence interval. Per-server values in the columns on the right and in the other tabs.
A3: Provider | B3: Success Rate | C3: Response Time / Latency (median, P90, s) | D3: Error Rate (CAPTCHA / Block Rate) | E3: Unique IPs | F3: Duplicate Rate | G3: Geo Accuracy | H3: IP Risk / Fraud Score | I3: Proxy Detection Rate | J3: Residential / ISP Classification | K3: Sticky Session Stability | L3: Target Success Rate | M3: Cost per Successful Request | N3: Performance by GEO | O3: TTFB (median, s) US / DE / SG | P3: Success Rate US / DE / SG | Q3: Latency median US / DE / SG (s)
A4: DataImpulse | B4: 99.7% (99.6-99.8) | C4: 0.87 / 2.08 | D4: Infra 0.3%; Amazon captcha 31.6%, challenge 18.6%, blocked 0.0% | E4: 23795 of 25125 | F4: 0.052935323 | G4: 98.8% (98.7-98.9) | H4: avg 3.3, median 1.0, high risk 0.7% (0.2-2.4) | I4: 87.0% (82.7-90.3) | J4: 98.0% (95.7-99.1) | K4: 87.2% (83.0-90.4) (n=312) | L4: Wikipedia 99.6% (99.4-99.8); Amazon 47.8% (45.6-50.1) | M4: ='Cost per Successful Request'!H6 -> measured 0.020 $ per 1000 successful (all tests, panel counters); est. split per 1000 successful: Infra 0.0062; Wikipedia 0.067, Amazon 0.354 | N4: TR 98.9% | O4: 0.82 / 0.59 / 1.04 | P4: 99.7% / 99.7% / 99.7% | Q4: 0.72 / 0.75 / 0.95
A5: Floppydata | B5: 98.0% (97.8-98.2) | C5: 0.93 / 1.76 | D5: Infra 2.0%; Amazon captcha 31.3%, challenge 17.7%, blocked 0.0% | E5: 21813 of 24703 | F5: 0.11698984 | G5: 99.8% (99.7-99.8) | H5: avg 3.0, median 1.0, high risk 0.3% (0.1-1.9) | I5: 60.7% (55.0-66.0) | J5: 99.0% (97.1-99.7) | K5: 47.3% (41.4-53.4) (n=264) | L5: Wikipedia 98.6% (98.2-98.8); Amazon 49.4% (47.2-51.7) | M5: ='Cost per Successful Request'!H7 -> measured 0.019 $ per 1000 successful (all tests, panel counters); est. split per 1000 successful: Infra 0.0063; Wikipedia 0.067, Amazon 0.375 | N5: IN 90.0% | O5: 1.36 / 0.81 / 0.77 | P5: 97.8% / 97.7% / 98.6% | Q5: 1.21 / 0.78 / 0.73
A6: Oxylabs | B6: 99.9% (99.9-99.9) | C6: 0.75 / 1.32 | D6: Infra 0.1%; Amazon captcha 34.2%, challenge 10.3%, blocked 0.0% | E6: 24628 of 25180 | F6: 0.02192216 | G6: 99.9% (99.8-99.9) | H6: avg 4.6, median 1.0, high risk 1.3% (0.5-3.4) | I6: 80.3% (75.5-84.4) | J6: 99.3% (97.6-99.8) | K6: 80.8% (76.0-84.8) (n=312) | L6: Wikipedia 99.8% (99.6-99.9); Amazon 55.3% (53.1-57.6) | M6: ='Cost per Successful Request'!H8 -> measured 0.124 $ per 1000 successful (all tests, panel counters); est. split per 1000 successful: Infra 0.0373; Wikipedia 0.400, Amazon 2.184 | N6: IN 99.7% | O6: 0.77 / 0.56 / 0.85 | P6: 99.9% / 100.0% / 99.9% | Q6: 0.76 / 0.56 / 0.80
A7: Rayobyte | B7: 99.7% (99.6-99.8) | C7: 1.45 / 3.00 | D7: Infra 0.3%; Amazon captcha 32.4%, challenge 16.1%, blocked 0.0% | E7: 19470 of 25126 | F7: 0.22510547 | G7: 98.9% (98.7-99.0) | H7: avg 4.4, median 1.0, high risk 1.3% (0.5-3.4) | I7: 59.3% (53.7-64.7) | J7: 95.0% (91.9-96.9) | K7: 70.2% (64.9-75.0) (n=312) | L7: Wikipedia 99.6% (99.4-99.7); Amazon 51.1% (48.9-53.4) | M7: ='Cost per Successful Request'!H9 -> measured 0.066 $ per 1000 successful (all tests, panel counters); est. split per 1000 successful: Infra 0.0218; Wikipedia 0.234, Amazon 1.285 | N7: UA 99.1% | O7: 0.96 / 1.21 / 1.85 | P7: 99.9% / 99.7% / 99.6% | Q7: 0.81 / 1.29 / 1.80
A8: Webshare | B8: 99.6% (99.5-99.6) | C8: 1.00 / 1.81 | D8: Infra 0.4%; Amazon captcha 33.3%, challenge 11.5%, blocked 0.0% | E8: 24545 of 25091 | F8: 0.021760791 | G8: 99.8% (99.8-99.9) | H8: avg 3.6, median 1.0, high risk 0.0% (0.0-1.3) | I8: 83.3% (78.7-87.1) | J8: 99.3% (97.6-99.8) | K8: 77.2% (72.3-81.5) (n=312) | L8: Wikipedia 99.4% (99.2-99.6); Amazon 54.6% (52.4-56.8) | M8: ='Cost per Successful Request'!H10 -> measured 0.052 $ per 1000 successful (all tests, panel counters); est. split per 1000 successful: Infra 0.0168; Wikipedia 0.180, Amazon 0.986 | N8: PL 99.0% | O8: 1.04 / 0.66 / 1.29 | P8: 99.9% / 99.7% / 99.2% | Q8: 0.90 / 0.71 / 1.33
A9: ProxyEmpire | B9: 99.6% (99.5-99.6) | C9: 0.83 / 1.83 | D9: Infra 0.4%; Amazon captcha 32.3%, challenge 17.4%, blocked 0.0% | E9: 23738 of 25092 | F9: 0.053961422 | G9: 99.7% (99.6-99.8) | H9: avg 3.7, median 1.0, high risk 0.3% (0.1-1.9) | I9: 83.3% (78.7-87.1) | J9: 99.3% (97.6-99.8) | K9: 61.2% (55.7-66.5) (n=312) | L9: Wikipedia 99.4% (99.2-99.6); Amazon 49.7% (47.4-51.9) | M9: ='Cost per Successful Request'!H11 -> measured 0.166 $ per 1000 successful (all tests, panel counters); est. split per 1000 successful: Infra 0.0529; Wikipedia 0.565, Amazon 3.158 | N9: TR 97.7% | O9: 0.78 / 0.57 / 1.40 | P9: 99.5% / 99.5% / 99.7% | Q9: 0.73 / 0.64 / 1.18
A10: SOAX | B10: 99.8% (99.7-99.9) | C10: 0.72 / 1.37 | D10: Infra 0.2%; Amazon captcha 31.6%, challenge 17.5%, blocked 0.0% | E10: 22866 of 25152 | F10: 0.090887405 | G10: 99.3% (99.2-99.4) | H10: avg 3.3, median 1.0, high risk 0.3% (0.1-1.9) | I10: 85.3% (80.9-88.9) | J10: 99.0% (97.1-99.7) | K10: 70.2% (64.9-75.0) (n=312) | L10: Wikipedia 99.6% (99.4-99.8); Amazon 49.5% (47.2-51.7) | M10: ='Cost per Successful Request'!H12 -> measured 0.091 $ per 1000 successful (all tests, panel counters); est. split per 1000 successful: Infra 0.0291; Wikipedia 0.312, Amazon 1.743 | N10: UA 99.5% | O10: 0.79 / 0.50 / 0.85 | P10: 99.8% / 99.8% / 99.8% | Q10: 0.64 / 0.56 / 0.80
A11: NodeMaven | B11: 99.6% (99.5-99.7) | C11: 0.91 / 1.71 | D11: Infra 0.4%; Amazon captcha 32.6%, challenge 16.6%, blocked 0.0% | E11: 23411 of 25098 | F11: 0.067216511 | G11: 99.8% (99.7-99.8) | H11: avg 2.3, median 1.0, high risk 0.0% (0.0-1.3) | I11: 77.7% (72.6-82.0) | J11: 99.7% (98.1-99.9) | K11: 79.2% (74.3-83.3) (n=312) | L11: Wikipedia 99.2% (98.9-99.4); Amazon 50.2% (47.9-52.4) | M11: ='Cost per Successful Request'!H13 -> measured 0.100 $ per 1000 successful (all tests, panel counters); est. split per 1000 successful: Infra 0.0312; Wikipedia 0.334, Amazon 1.858 | N11: US 98.9% | O11: 0.99 / 0.54 / 0.97 | P11: 99.6% / 99.5% / 99.7% | Q11: 1.00 / 0.64 / 1.13
A12: Decodo | B12: 99.9% (99.9-100.0) | C12: 0.79 / 1.41 | D12: Infra 0.1%; Amazon captcha 35.3%, challenge 10.2%, blocked 0.0% | E12: 24618 of 25184 | F12: 0.022474587 | G12: 99.8% (99.8-99.9) | H12: avg 3.0, median 1.0, high risk 0.3% (0.1-1.9) | I12: 85.0% (80.5-88.6) | J12: 99.3% (97.6-99.8) | K12: 82.7% (78.1-86.5) (n=312) | L12: Wikipedia 99.9% (99.7-99.9); Amazon 54.4% (52.1-56.6) | M12: ='Cost per Successful Request'!H14 -> measured 0.077 $ per 1000 successful (all tests, panel counters); est. split per 1000 successful: Infra 0.0233; Wikipedia 0.250, Amazon 1.368 | N12: IN 99.8% | O12: 0.92 / 0.44 / 0.82 | P12: 100.0% / 99.9% / 99.9% | Q12: 0.94 / 0.54 / 0.80
A13: Evomi | B13: 99.9% (99.8-99.9) | C13: 0.68 / 1.44 | D13: Infra 0.1%; Amazon captcha 32.2%, challenge 18.3%, blocked 0.0% | E13: 23867 of 25163 | F13: 0.051504193 | G13: 99.6% (99.5-99.7) | H13: avg 3.3, median 1.0, high risk 0.3% (0.1-1.9) | I13: 96.0% (93.1-97.7) | J13: 99.3% (97.6-99.8) | K13: 80.4% (75.7-84.5) (n=312) | L13: Wikipedia 99.7% (99.6-99.8); Amazon 49.4% (47.1-51.6) | M13: ='Cost per Successful Request'!H15 -> measured 0.020 $ per 1000 successful (all tests, panel counters); est. split per 1000 successful: Infra 0.0065; Wikipedia 0.069, Amazon 0.384 | N13: VN 99.6% | O13: 0.40 / 0.33 / 0.93 | P13: 99.8% / 99.8% / 99.9% | Q13: 0.41 / 0.38 / 0.97
A14: Geonode | B14: 97.1% (96.8-97.3) | C14: 1.09 / 3.67 | D14: Infra 2.9%; Amazon captcha 32.9%, challenge 15.3%, blocked 0.0% | E14: 22836 of 24459 | F14: 0.066355943 | G14: 99.3% (99.2-99.4) | H14: avg 3.7, median 1.0, high risk 0.3% (0.1-1.9) | I14: 99.3% (97.6-99.8) | J14: 100.0% (98.7-100.0) | K14: 80.4% (75.7-84.5) (n=312) | L14: Wikipedia 97.9% (97.5-98.3); Amazon 49.3% (47.1-51.6) | M14: ='Cost per Successful Request'!H16 -> measured 0.015 $ per 1000 successful (all tests, panel counters); est. split per 1000 successful: Infra 0.0051; Wikipedia 0.053, Amazon 0.287 | N14: IN 94.6% | O14: 1.72 / 2.22 / 1.90 | P14: 96.9% / 97.4% / 96.9% | Q14: 1.09 / 0.81 / 1.37
A15: IPRoyal | B15: 99.5% (99.4-99.5) | C15: 1.23 / 3.14 | D15: Infra 0.5%; Amazon captcha 32.2%, challenge 16.8%, blocked 0.0% | E15: 23316 of 25063 | F15: 0.069704345 | G15: 99.6% (99.5-99.6) | H15: avg 4.5, median 1.0, high risk 1.0% (0.3-2.9) | I15: 96.0% (93.1-97.7) | J15: 99.3% (97.6-99.8) | K15: 80.4% (75.7-84.5) (n=312) | L15: Wikipedia 99.6% (99.3-99.7); Amazon 50.1% (47.9-52.4) | M15: ='Cost per Successful Request'!H17 -> measured 0.104 $ per 1000 successful (all tests, panel counters); est. split per 1000 successful: Infra 0.0332; Wikipedia 0.354, Amazon 1.921 | N15: US 98.9% | O15: 1.05 / 1.00 / 1.62 | P15: 99.1% / 99.6% / 99.6% | Q15: 1.21 / 0.92 / 1.38

Sheet Infra by server
A1: Test 1 (Infra): https://www.cloudflare.com/cdn-cgi/trace, new IP on every request. Latency = full request time, successful requests only.
A3: Provider | B3: Server | C3: Requests | D3: Successful | E3: Success Rate | F3: CI low | G3: CI high | H3: Latency median, s | I3: Latency P90, s | J3: Unique IPs | K3: Duplicate Rate | L3: Geo Accuracy
A4: DataImpulse | B4: USA (Ashburn) | C4: 8400 | D4: 8376 | E4: 0.99714286 | F4: 0.99575199 | G4: 0.99807921 | H4: 0.721 | I4: 2.049 | J4: 8206 | K4: 0.020296084 | L4: 0.98734479
A5: DataImpulse | B5: Germany | C5: 8400 | D5: 8375 | E5: 0.99702381 | F5: 0.99560999 | G5: 0.99798323 | H5: 0.753 | I5: 2.036 | J5: 8177 | K5: 0.023641791 | L5: 0.98865672
A6: DataImpulse | B6: Singapore | C6: 8400 | D6: 8374 | E6: 0.99690476 | F6: 0.99546843 | G6: 0.9978868 | H6: 0.948 | I6: 2.105 | J6: 8240 | K6: 0.016001911 | L6: 0.98865536
A7: DataImpulse | B7: All servers | C7: 25200 | D7: 25125 | E7: 0.99702381 | F7: 0.99627128 | G7: 0.99762483 | H7: 0.869 | I7: 2.078 | J7: 23795 | K7: 0.052935323 | L7: 0.98821891
A8: Floppydata | B8: USA (Ashburn) | C8: 8400 | D8: 8214 | E8: 0.97785714 | F8: 0.97448503 | G8: 0.98079237 | H8: 1.2125 | I8: 1.989 | J8: 7876 | K8: 0.041149257 | L8: 0.99683467
A9: Floppydata | B9: Germany | C9: 8400 | D9: 8205 | E9: 0.97678571 | F9: 0.97334085 | G9: 0.97979468 | H9: 0.778 | I9: 1.442 | J9: 7756 | K9: 0.05472273 | L9: 0.9984156
A10: Floppydata | B10: Singapore | C10: 8400 | D10: 8284 | E10: 0.98619048 | F10: 0.98346325 | G10: 0.9884732 | H10: 0.735 | I10: 1.425 | J10: 7810 | K10: 0.057218735 | L10: 0.99831
A11: Floppydata | B11: All servers | C11: 25200 | D11: 24703 | E11: 0.98027778 | F11: 0.97848639 | G11: 0.98192276 | H11: 0.93 | I11: 1.757 | J11: 21813 | K11: 0.11698984 | L11: 0.99785451
A12: Oxylabs | B12: USA (Ashburn) | C12: 8400 | D12: 8395 | E12: 0.99940476 | F12: 0.99860722 | G12: 0.99974573 | H12: 0.757 | I12: 1.357 | J12: 8332 | K12: 0.0075044669 | L12: 0.99892793
A13: Oxylabs | B13: Germany | C13: 8400 | D13: 8396 | E13: 0.99952381 | F13: 0.99877612 | G13: 0.99981481 | H13: 0.561 | I13: 1.296 | J13: 8329 | K13: 0.0079799905 | L13: 0.99821343
A14: Oxylabs | B14: Singapore | C14: 8400 | D14: 8389 | E14: 0.99869048 | F14: 0.99765641 | G14: 0.99926861 | H14: 0.802 | I14: 1.319 | J14: 8332 | K14: 0.006794612 | L14: 0.99845035
A15: Oxylabs | B15: All servers | C15: 25200 | D15: 25180 | E15: 0.99920635 | F15: 0.99877436 | G15: 0.99948616 | H15: 0.748 | I15: 1.325 | J15: 24628 | K15: 0.02192216 | L15: 0.99853058
... A51: IPRoyal | B51: All servers | C51: 25200 | D51: 25063 | E51: 0.99456349 | F51: 0.99357717 | G51: 0.99539905 | H51: 1.233 | I51: 3.136 | J51: 23316 | K51: 0.069704345 | L51: 0.99569086

Sheet Infra errors
A1: Provider | B1: Error type | C1: Count | D1: Share of all requests
A2: DataImpulse | B2: timeout | C2: 36 | D2: 0.0014285714
A3: DataImpulse | B3: ssl_error | C3: 20 | D3: 0.00079365079
A4: DataImpulse | B4: other: Remote end closed connection without response | C4: 17 | D4: 0.00067460317
A5: DataImpulse | B5: tunnel_failed_502 | C5: 2 | D5: 7.9365079e-05
A6: Decodo | B6: other: Remote end closed connection without response | C6: 6 | D6: 0.00023809524
A7: Decodo | B7: ssl_error | C7: 6 | D7: 0.00023809524
A8: Decodo | B8: timeout | C8: 3 | D8: 0.00011904762
A9: Decodo | B9: tunnel_failed_522 | C9: 1 | D9: 3.968254e-05
A10: Evomi | B10: timeout | C10: 14 | D10: 0.00055555556
A11: Evomi | B11: tunnel_failed_503 | C11: 9 | D11: 0.00035714286
A12: Evomi | B12: ssl_error | C12: 8 | D12: 0.00031746032
A13: Evomi | B13: other: Remote end closed connection without response | C13: 4 | D13: 0.00015873016
... A55: Webshare | B55: timeout | C55: 3 | D55: 0.00011904762

Sheet Targets
A1: Test 2: Wikipedia (control) and Amazon search. Plain HTTP client with a Chrome TLS fingerprint, no JavaScript execution.
A3: Provider | B3: Target | C3: Server | D3: Requests | E3: Success | F3: Target Success Rate | G3: CI low | H3: CI high | I3: Captcha | J3: JS challenge | K3: Blocked 403/429/503 | L3: Other errors | M3: Latency median, s | N3: Latency P90, s | O3: Avg response, KB
A4: DataImpulse | B4: wikipedia | C4: USA (Ashburn) | D4: 1680 | E4: 1671 | F4: 0.99464286 | G4: 0.98984964 | H4: 0.99717906 | I4: 0 | J4: 0 | K4: 0 | L4: 0.0053571429 | M4: 1.069 | N4: 3.151 | O4: 308.23815
A5: DataImpulse | B5: wikipedia | C5: Germany | D5: 1680 | E5: 1673 | F5: 0.99583333 | G5: 0.99142399 | H5: 0.99798024 | I5: 0 | J5: 0 | K5: 0.0005952381 | L5: 0.0035714286 | M5: 1.042 | N5: 2.6698 | O5: 308.60801
A6: DataImpulse | B6: wikipedia | C6: Singapore | D6: 1680 | E6: 1677 | F6: 0.99821429 | G6: 0.99476274 | H6: 0.99939253 | I6: 0 | J6: 0 | K6: 0 | L6: 0.0017857143 | M6: 1.501 | N6: 3.3508 | O6: 309.34891
A7: DataImpulse | B7: wikipedia | C7: All servers | D7: 5040 | E7: 5021 | F7: 0.99623016 | G7: 0.99411921 | H7: 0.99758521 | I7: 0 | J7: 0 | K7: 0.0001984127 | L7: 0.0035714286 | M7: 1.31 | N7: 3.16 | O7: 308.73169
A8: DataImpulse | B8: amazon | C8: USA (Ashburn) | D8: 630 | E8: 296 | F8: 0.46984127 | G8: 0.43116887 | H8: 0.50887925 | I8: 0.31428571 | J8: 0.2 | K8: 0 | L8: 0.015873016 | M8: 1.654 | N8: 2.2315 | O8: 841.15725
A9: DataImpulse | B9: amazon | C9: Germany | D9: 630 | E9: 319 | F9: 0.50634921 | G9: 0.46738821 | H9: 0.54523324 | I9: 0.31111111 | J9: 0.17142857 | K9: 0 | L9: 0.011111111 | M9: 1.731 | N9: 3.0184 | O9: 907.45632
A10: DataImpulse | B10: amazon | C10: Singapore | D10: 630 | E10: 289 | F10: 0.45873016 | G10: 0.42018667 | H10: 0.49777391 | I10: 0.32380952 | J10: 0.18571429 | K10: 0 | L10: 0.031746032 | M10: 2.349 | N10: 3.0032 | O10: 806.69444
A11: DataImpulse | B11: amazon | C11: All servers | D11: 1890 | E11: 904 | F11: 0.47830688 | G11: 0.45585278 | H11: 0.50084899 | I11: 0.31640212 | J11: 0.18571429 | K11: 0 | L11: 0.01957672 | M11: 1.938 | N11: 2.8695 | O11: 851.76934
A12: Floppydata | B12: wikipedia | C12: USA (Ashburn) | D12: 1680 | E12: 1652 | F12: 0.98333333 | G12: 0.97601723 | H12: 0.98844404 | I12: 0 | J12: 0 | K12: 0 | L12: 0.016666667 | M12: 1.664 | N12: 3.0592 | O12: 304.73706
A13: Floppydata | B13: wikipedia | C13: Germany | D13: 1680 | E13: 1663 | F13: 0.98988095 | G13: 0.98385397 | H13: 0.99367265 | I13: 0 | J13: 0 | K13: 0 | L13: 0.010119048 | M13: 1.028 | N13: 2.231 | O13: 306.76973
A14: Floppydata | B14: wikipedia | C14: Singapore | D14: 1680 | E14: 1652 | F14: 0.98333333 | G14: 0.97601723 | H14: 0.98844404 | I14: 0 | J14: 0 | K14: 0 | L14: 0.016666667 | M14: 1.0895 | N14: 2.201 | O14: 304.73656
A15: Floppydata | B15: wikipedia | C15: All servers | D15: 5040 | E15: 4967 | F15: 0.98551587 | G15: 0.98182815 | H15: 0.98846402 | I15: 0 | J15: 0 | K15: 0 | L15: 0.014484127 | M15: 1.267 | N15: 2.6182 | O15: 305.41445
... A99: IPRoyal | B99: amazon | C99: All servers | D99: 1890 | E99: 947 | F99: 0.5010582 | G99: 0.47853684 | H99: 0.52357527 | I99: 0.32222222 | J99: 0.16825397 | K99: 0 | L99: 0.0084656085 | M99: 2.332 | N99: 4.1348 | O99: 914.65394

Sheet Sticky
A1: Test 3: 8 sessions per run, 30-minute sessions, one request every 30 s; evaluated in the first 25 minutes. Floppydata: only sessions with the format from its official documentation (from 6 Oct 09:30 UTC).
A3: Provider | B3: Server | C3: Sessions | D3: Stable sessions | E3: Sticky Session Stability | F3: CI low | G3: CI high | H3: Median IP hold, min | I3: Request IP consistency | J3: Error Rate
A4: DataImpulse | B4: USA (Ashburn) | C4: 104 | D4: 84 | E4: 0.80769231 | F4: 0.72154348 | G4: 0.87191952 | H4: 25 | I4: 0.87744632 | J4: 0.0077300151
A5: DataImpulse | B5: Germany | C5: 104 | D5: 91 | E5: 0.875 | F5: 0.79780836 | G5: 0.92547468 | H5: 25 | I5: 0.92937156 | J5: 0.0069758673
A6: DataImpulse | B6: Singapore | C6: 104 | D6: 97 | E6: 0.93269231 | F6: 0.86754062 | G6: 0.96701673 | H6: 25 | I6: 0.97575991 | J6: 0.019984917
A7: DataImpulse | B7: All servers | C7: 312 | D7: 272 | E7: 0.87179487 | F7: 0.83012573 | G7: 0.90441968 | H7: 25 | I7: 0.92732706 | J7: 0.0115636
A8: Floppydata | B8: USA (Ashburn) | C8: 88 | D8: 38 | E8: 0.43181818 | F8: 0.33332509 | G8: 0.53601517 | H8: 17.5 | I8: 0.6212528 | J8: 0.0040106952
A9: Floppydata | B9: Germany | C9: 88 | D9: 42 | E9: 0.47727273 | F9: 0.37606451 | G9: 0.58038224 | H9: 24.25 | I9: 0.7022661 | J9: 0.0069073084
A10: Floppydata | B10: Singapore | C10: 88 | D10: 45 | E10: 0.51136364 | F10: 0.40865349 | G10: 0.61312314 | H10: 25 | I10: 0.68158425 | J10: 0.0042335116
A11: Floppydata | B11: All servers | C11: 264 | D11: 125 | E11: 0.47348485 | F11: 0.41406747 | G11: 0.53366283 | H11: 22 | I11: 0.66833383 | J11: 0.0050505051
A12: Oxylabs | B12: USA (Ashburn) | C12: 104 | D12: 86 | E12: 0.82692308 | F12: 0.74293096 | G12: 0.88762348 | H12: 25 | I12: 0.9779597 | J12: 0.10180995
A13: Oxylabs | B13: Germany | C13: 104 | D13: 81 | E13: 0.77884615 | F13: 0.6899542 | G13: 0.84787165 | H13: 25 | I13: 0.9822801 | J13: 0.11689291
A14: Oxylabs | B14: Singapore | C14: 104 | D14: 85 | E14: 0.81730769 | F14: 0.73220202 | G14: 0.8798067 | H14: 25 | I14: 0.99029727 | J14: 0.086726998
A15: Oxylabs | B15: All servers | C15: 312 | D15: 252 | E15: 0.80769231 | F15: 0.7603237 | G15: 0.84757595 | H15: 25 | I15: 0.98355723 | J15: 0.10180995
... A51: IPRoyal | B51: All servers | C51: 312 | D51: 251 | E51: 0.80448718 | F51: 0.7568882 | G51: 0.84467917 | H51: 25 | I51: 0.8780224 | J51: 0.012317748

Sheet TTFB
A1: Separate test on 7 Oct (curl timings): 10 requests per provider and country per server, same Cloudflare target.
A3: Provider | B3: Server | C3: Requests | D3: Success Rate | E3: TCP to proxy, s | F3: Tunnel + TLS, s | G3: Wait for first byte, s | H3: TTFB median, s | I3: TTFB P90, s | J3: Total time median, s
A4: DataImpulse | B4: USA (Ashburn) | C4: 120 | D4: 0.99166667 | E4: 0.002039 | F4: 0.506106 | G4: 0.199541 | H4: 0.819448 | I4: 1.826832 | J4: 0.819526
A5: DataImpulse | B5: Germany | C5: 120 | D5: 1 | E5: 0.0073215 | F5: 0.406134 | G5: 0.1724 | H5: 0.5862025 | I5: 1.742387 | J5: 0.5862445
A6: DataImpulse | B6: Singapore | C6: 120 | D6: 1 | E6: 0.0037865 | F6: 0.72334 | G6: 0.2667165 | H6: 1.0354595 | I6: 2.356812 | J6: 1.0355045
A7: DataImpulse | B7: All servers | C7: 360 | D7: 0.99722222 | E7: 0.003864 | F7: 0.64784 | G7: 0.238712 | H7: 0.90226 | I7: 2.259636 | J7: 0.902345
A8: Floppydata | B8: USA (Ashburn) | C8: 120 | D8: 0.975 | E8: 0.035472 | F8: 0.8671 | G8: 0.332036 | H8: 1.363774 | I8: 1.960349 | J8: 1.363808
A9: Floppydata | B9: Germany | C9: 120 | D9: 0.975 | E9: 0.013806 | F9: 0.54275 | G9: 0.219018 | H9: 0.810157 | I9: 1.646043 | J9: 0.810217
A10: Floppydata | B10: Singapore | C10: 120 | D10: 0.98333333 | E10: 0.003026 | F10: 0.4462 | G10: 0.2645075 | H10: 0.7704395 | I10: 2.095266 | J10: 0.7707575
A11: Floppydata | B11: All servers | C11: 360 | D11: 0.97777778 | E11: 0.0138715 | F11: 0.656122 | G11: 0.2680395 | H11: 0.9596095 | I11: 1.960349 | J11: 0.9596605
A12: Oxylabs | B12: USA (Ashburn) | C12: 120 | D12: 1 | E12: 0.0188975 | F12: 0.469725 | G12: 0.2563285 | H12: 0.77253 | I12: 1.430722 | J12: 0.7725675
A13: Oxylabs | B13: Germany | C13: 120 | D13: 1 | E13: 0.007419 | F13: 0.360138 | G13: 0.1645665 | H13: 0.557507 | I13: 1.46054 | J13: 0.557536
A14: Oxylabs | B14: Singapore | C14: 120 | D14: 1 | E14: 0.0037405 | F14: 0.532193 | G14: 0.2871325 | H14: 0.845693 | I14: 1.356915 | J14: 0.8457425
A15: Oxylabs | B15: All servers | C15: 360 | D15: 1 | E15: 0.0075035 | F15: 0.4784215 | G15: 0.2640135 | H15: 0.7699975 | I15: 1.430722 | J15: 0.770037
... A51: IPRoyal | B51: All servers | C51: 360 | D51: 0.99444444 | E51: 0.0067735 | F51: 0.9086495 | G51: 0.4103995 | H51: 1.3655615 | I51: 3.412897 | J51: 1.3656015

Sheet Performance by GEO
A1: Provider | B1: Country | C1: Server | D1: Requests | E1: Success Rate | F1: CI low | G1: CI high | H1: Latency median, s | I1: Latency P90, s | J1: Geo Accuracy
A2: DataImpulse | B2: US | C2: USA (Ashburn) | D2: 700 | E2: 0.99428571 | F2: 0.98540008 | G2: 0.99777568 | H2: 0.421 | I2: 0.965 | J2: 0.98563218
A3: DataImpulse | B3: US | C3: Germany | D3: 700 | E3: 0.99 | F3: 0.97950333 | G3: 0.99514779 | H3: 0.736 | I3: 1.706 | J3: 0.98701299
A4: DataImpulse | B4: US | C4: Singapore | D4: 700 | E4: 0.99571429 | F4: 0.98747586 | G4: 0.99854145 | H4: 1.108 | I4: 1.673 | J4: 0.99139168
A5: DataImpulse | B5: US | C5: All servers | D5: 2100 | E5: 0.99333333 | F5: 0.98884035 | G5: 0.99602467 | H5: 0.8155 | I5: 1.513 | J5: 0.98801534
A6: DataImpulse | B6: DE | C6: USA (Ashburn) | D6: 700 | E6: 1 | F6: 0.99454195 | G6: 1 | H6: 0.542 | I6: 1.523 | J6: 0.99714286
A7: DataImpulse | B7: DE | C7: Germany | D7: 700 | E7: 0.99714286 | F7: 0.98964272 | G7: 0.99921613 | H7: 0.2495 | I7: 1.264 | J7: 0.99570201
A8: DataImpulse | B8: DE | C8: Singapore | D8: 700 | E8: 0.99714286 | F8: 0.98964272 | G8: 0.99921613 | H8: 0.88 | I8: 1.675 | J8: 0.99426934
A9: DataImpulse | B9: DE | C9: All servers | D9: 2100 | E9: 0.99809524 | F9: 0.99511239 | G9: 0.99925905 | H9: 0.6495 | I9: 1.509 | J9: 0.99570611
A10: DataImpulse | B10: GB | C10: USA (Ashburn) | D10: 700 | E10: 0.99714286 | F10: 0.98964272 | G10: 0.99921613 | H10: 0.5585 | I10: 1.489 | J10: 0.99283668
A11: DataImpulse | B11: GB | C11: Germany | D11: 700 | E11: 0.99857143 | F11: 0.99195262 | G11: 0.99974778 | H11: 0.29 | I11: 1.303 | J11: 0.99713877
A12: DataImpulse | B12: GB | C12: Singapore | D12: 700 | E12: 0.99714286 | F12: 0.98964272 | G12: 0.99921613 | H12: 0.9115 | I12: 1.715 | J12: 0.99856734
A13: DataImpulse | B13: GB | C13: All servers | D13: 2100 | E13: 0.99761905 | F13: 0.9944382 | G13: 0.9989826 | H13: 0.689 | I13: 1.512 | J13: 0.99618138
... A577: IPRoyal | B577: ID | C577: All servers | D577: 2100 | E577: 0.99714286 | F577: 0.99378023 | G577: 0.99868993 | H577: 1.4 | I577: 3.447 | J577: 1

Sheet GEO Success pivot
A1: Success Rate by requested country, pooled over three servers.
A3: Provider | B3: US | C3: DE | D3: GB | E3: FR | F3: ES | G3: BR | H3: IN | I3: PL | J3: UA | K3: TR | L3: VN | M3: ID
A4: DataImpulse | B4: 0.99333333 | C4: 0.99809524 | D4: 0.99761905 | E4: 0.99952381 | F4: 1 | G4: 0.99904762 | H4: 0.99380952 | I4: 0.99952381 | J4: 0.99857143 | K4: 0.98857143 | L4: 0.99857143 | M4: 0.99761905
A5: Floppydata | B5: 0.98571429 | C5: 0.99142857 | D5: 0.98809524 | E5: 0.99 | F5: 0.99047619 | G5: 0.98904762 | H5: 0.9 | I5: 0.9852381 | J5: 0.98857143 | K5: 0.98 | L5: 0.98761905 | M5: 0.98714286
A6: Oxylabs | B6: 0.99857143 | C6: 0.99904762 | D6: 0.99952381 | E6: 0.99952381 | F6: 1 | G6: 0.99857143 | H6: 0.99666667 | I6: 0.99952381 | J6: 1 | K6: 0.99952381 | L6: 1 | M6: 0.99952381
A7: Rayobyte | B7: 0.99952381 | C7: 0.99666667 | D7: 0.99857143 | E7: 0.99666667 | F7: 0.99904762 | G7: 0.99666667 | H7: 0.99714286 | I7: 0.99952381 | J7: 0.99142857 | K7: 0.99571429 | L7: 0.99761905 | M7: 0.99619048
A8: Webshare | B8: 1 | C8: 0.99571429 | D8: 0.99571429 | E8: 0.99714286 | F8: 0.99571429 | G8: 0.99904762 | H8: 0.99190476 | I8: 0.98952381 | J8: 0.99809524 | K8: 0.99857143 | L8: 0.9947619 | M8: 0.99190476
A9: ProxyEmpire | B9: 0.99571429 | C9: 0.99809524 | D9: 1 | E9: 0.99904762 | F9: 0.99952381 | G9: 0.99761905 | H9: 0.99571429 | I9: 0.99809524 | J9: 0.99142857 | K9: 0.97666667 | L9: 0.99809524 | M9: 0.99857143
A10: SOAX | B10: 0.99666667 | C10: 0.99666667 | D10: 0.99857143 | E10: 0.99904762 | F10: 0.99904762 | G10: 0.99952381 | H10: 0.99952381 | I10: 0.99952381 | J10: 0.9952381 | K10: 0.99809524 | L10: 0.99809524 | M10: 0.99714286
A11: NodeMaven | B11: 0.98857143 | C11: 0.99666667 | D11: 0.99809524 | E11: 0.99619048 | F11: 0.99952381 | G11: 0.99571429 | H11: 0.99904762 | I11: 0.99761905 | J11: 0.99428571 | K11: 0.99047619 | L11: 0.99714286 | M11: 0.99809524
A12: Decodo | B12: 0.99857143 | C12: 0.99904762 | D12: 1 | E12: 1 | F12: 1 | G12: 1 | H12: 0.99761905 | I12: 1 | J12: 0.99952381 | K12: 0.99952381 | L12: 0.99952381 | M12: 0.99857143
A13: Evomi | B13: 0.99952381 | C13: 0.99952381 | D13: 0.99904762 | E13: 0.99857143 | F13: 0.99952381 | G13: 0.99809524 | H13: 0.99666667 | I13: 0.99857143 | J13: 0.99809524 | K13: 0.99952381 | L13: 0.99619048 | M13: 0.99904762
A14: Geonode | B14: 0.97952381 | C14: 0.98428571 | D14: 0.98428571 | E14: 0.98952381 | F14: 0.97238095 | G14: 0.96142857 | H14: 0.94571429 | I14: 0.96571429 | J14: 0.97666667 | K14: 0.96333333 | L14: 0.95904762 | M14: 0.9652381
A15: IPRoyal | B15: 0.98857143 | C15: 0.98904762 | D15: 0.99714286 | E15: 0.99333333 | F15: 0.99666667 | G15: 0.99333333 | H15: 0.99380952 | I15: 0.99857143 | J15: 0.99857143 | K15: 0.99095238 | L15: 0.99761905 | M15: 0.99714286

Sheet Cost per Successful Request
A1: MEASURED (columns Q-S): price per GB x traffic used per provider panel / successful requests (Infra + Sticky checks + Targets + TTFB) x 1000. Estimated split by test (columns G, L, P) uses modelled bytes per request, calibrated on the same counters. 1 GB = 1000 MB assumed. Counters read 8 Oct 16:50 Madrid; zero traffic before the test assumed (the Floppydata panel shows none).
A2: Assumptions (edit after calibration with the provider panel counters): | B2: 6000 | C2: 8000 | D2: 0.185
B3: Infra overhead, bytes | C3: Target overhead, bytes | D3: Target wire/logged size
A5: Provider | B5: Price, $/GB | C5: Package / tariff | D5: Infra: requests | E5: Infra: successful | F5: Infra: avg logged bytes | G5: Infra: cost per 1000 successful, $ | H5: Text for the Summary tab (estimate) | I5: Wikipedia: requests | J5: Wikipedia: successful | K5: Wikipedia: avg logged bytes | L5: Wikipedia: cost per 1000 successful, $ | M5: Amazon: requests | N5: Amazon: successful | O5: Amazon: avg logged bytes | P5: Amazon: cost per 1000 successful, $ | Q5: Panel traffic used, MB (counter) | R5: Successful requests, all tests (up to counter time) | S5: MEASURED cost per 1000 successful, $ (all tests)
A6: DataImpulse | B6: 1 | C6: 50 GB | D6: 25200 | E6: 25125 | F6: 213.6 | G6: =IF(E6=0,"",B6*(D6*(F6+$B$2)/1000000000)/E6*1000) -> 0.0062321481 | H6: =IF(E6=0,"",IF(ISNUMBER(S6),"measured "&TEXT(S6,"0.000")&" $ per 1000 successful (all tests, panel counters); ","")&"est. split per 1000 successful: Infra "&TEXT(G6,"0.0000")&IF(ISNUMBER(L6),"; Wikipedia "&TEXT(L6,"0.000")&", Amazon "&IF(ISNUMBER(P6),TEXT(P6,"0.000"),"-"),"")) -> measured 0.020 $ per 1000 successful (all tests, panel counters); est. split per 1000 successful: Infra 0.0062; Wikipedia 0.067, Amazon 0.354 | I6: 5040 | J6: 5021 | K6: 316141 | L6: =IF(J6=0,"",B6*(I6*(K6*$D$2+$C$2)/1000000000)/J6*1000) -> 0.066737675 | M6: 1890 | N6: 904 | O6: 872212 | P6: =IF(N6=0,"",B6*(M6*(O6*$D$2+$C$2)/1000000000)/N6*1000) -> 0.35408067 | Q6: 850 | R6: 42938 | S6: =IF(R6=0,"",B6*(Q6/1000)/R6*1000) -> 0.019795985
A7: Floppydata | B7: 1 | C7: 50 GB, 30 days | D7: 25200 | E7: 24703 | F7: 216.7 | G7: =IF(E7=0,"",B7*(D7*(F7+$B$2)/1000000000)/E7*1000) -> 0.0063417739 | H7: =IF(E7=0,"",IF(ISNUMBER(S7),"measured "&TEXT(S7,"0.000")&" $ per 1000 successful (all tests, panel counters); ","")&"est. split per 1000 successful: Infra "&TEXT(G7,"0.0000")&IF(ISNUMBER(L7),"; Wikipedia "&TEXT(L7,"0.000")&", Amazon "&IF(ISNUMBER(P7),TEXT(P7,"0.000"),"-"),"")) -> measured 0.019 $ per 1000 successful (all tests, panel counters); est. split per 1000 successful: Infra 0.0063; Wikipedia 0.067, Amazon 0.375 | I7: 5040 | J7: 4967 | K7: 312744 | L7: =IF(J7=0,"",B7*(I7*(K7*$D$2+$C$2)/1000000000)/J7*1000) -> 0.06682555 | M7: 1890 | N7: 934 | O7: 959352 | P7: =IF(N7=0,"",B7*(M7*(O7*$D$2+$C$2)/1000000000)/N7*1000) -> 0.37532915 | Q7: 794.3 | R7: 42634 | S7: =IF(R7=0,"",B7*(Q7/1000)/R7*1000) -> 0.01863067
A8: Oxylabs | B8: 6 | C8: 5 GB | D8: 25200 | E8: 25180 | F8: 212.6 | G8: =IF(E8=0,"",B8*(D8*(F8+$B$2)/1000000000)/E8*1000) -> 0.037305207 | H8: =IF(E8=0,"",IF(ISNUMBER(S8),"measured "&TEXT(S8,"0.000")&" $ per 1000 successful (all tests, panel counters); ","")&"est. split per 1000 successful: Infra "&TEXT(G8,"0.0000")&IF(ISNUMBER(L8),"; Wikipedia "&TEXT(L8,"0.000")&", Amazon "&IF(ISNUMBER(P8),TEXT(P8,"0.000"),"-"),"")) -> measured 0.124 $ per 1000 successful (all tests, panel counters); est. split per 1000 successful: Infra 0.0373; Wikipedia 0.400, Amazon 2.184 | I8: 5040 | J8: 5030 | K8: 316711 | L8: =IF(J8=0,"",B8*(I8*(K8*$D$2+$C$2)/1000000000)/J8*1000) -> 0.40034354 | M8: 1890 | N8: 1046 | O8: 1045881 | P8: =IF(N8=0,"",B8*(M8*(O8*$D$2+$C$2)/1000000000)/N8*1000) -> 2.1843917 | Q8: 860.11 | R8: 41573 | S8: =IF(R8=0,"",B8*(Q8/1000)/R8*1000) -> 0.1241349
A9: Rayobyte | B9: 3.5 | C9: 2 GB | D9: 25200 | E9: 25126 | F9: 219.3 | G9: =IF(E9=0,"",B9*(D9*(F9+$B$2)/1000000000)/E9*1000) -> 0.021831659 | H9: =IF(E9=0,"",IF(ISNUMBER(S9),"measured "&TEXT(S9,"0.000")&" $ per 1000 successful (all tests, panel counters); ","")&"est. split per 1000 successful: Infra "&TEXT(G9,"0.0000")&IF(ISNUMBER(L9),"; Wikipedia "&TEXT(L9,"0.000")&", Amazon "&IF(ISNUMBER(P9),TEXT(P9,"0.000"),"-"),"")) -> measured 0.066 $ per 1000 successful (all tests, panel counters); est. split per 1000 successful: Infra 0.0218; Wikipedia 0.234, Amazon 1.285 | I9: 5040 | J9: 5020 | K9: 316080 | L9: =IF(J9=0,"",B9*(I9*(K9*$D$2+$C$2)/1000000000)/J9*1000) -> 0.23358874 | M9: 1890 | N9: 966 | O9: 971462 | P9: =IF(N9=0,"",B9*(M9*(O9*$D$2+$C$2)/1000000000)/N9*1000) -> 1.2854771 | Q9: 817 | R9: 43177 | S9: =IF(R9=0,"",B9*(Q9/1000)/R9*1000) -> 0.06622739
A10: Webshare | B10: 2.7 | C10: 3 GB | D10: 25200 | E10: 25091 | F10: 211.9 | G10: =IF(E10=0,"",B10*(D10*(F10+$B$2)/1000000000)/E10*1000) -> 0.016844991 | H10: =IF(E10=0,"",IF(ISNUMBER(S10),"measured "&TEXT(S10,"0.000")&" $ per 1000 successful (all tests, panel counters); ","")&"est. split per 1000 successful: Infra "&TEXT(G10,"0.0000")&IF(ISNUMBER(L10),"; Wikipedia "&TEXT(L10,"0.000")&", Amazon "&IF(ISNUMBER(P10),TEXT(P10,"0.000"),"-"),"")) -> measured 0.052 $ per 1000 successful (all tests, panel counters); est. split per 1000 successful: Infra 0.0168; Wikipedia 0.180, Amazon 0.986 | I10: 5040 | J10: 5010 | K10: 315452 | L10: =IF(J10=0,"",B10*(I10*(K10*$D$2+$C$2)/1000000000)/J10*1000) -> 0.18024114 | M10: 1890 | N10: 1032 | O10: 1034552 | P10: =IF(N10=0,"",B10*(M10*(O10*$D$2+$C$2)/1000000000)/N10*1000) -> 0.98594766 | Q10: 828.5 | R10: 42904 | S10: =IF(R10=0,"",B10*(Q10/1000)/R10*1000) -> 0.052138495
A11: ProxyEmpire | B11: 8.47 | C11: 2 x 1 GB, $7.00 ex-tax, 8.47 incl. tax | D11: 25200 | E11: 25092 | F11: 214.6 | G11: =IF(E11=0,"",B11*(D11*(F11+$B$2)/1000000000)/E11*1000) -> 0.052864223 | H11: =IF(E11=0,"",IF(ISNUMBER(S11),"measured "&TEXT(S11,"0.000")&" $ per 1000 successful (all tests, panel counters); ","")&"est. split per 1000 successful: Infra "&TEXT(G11,"0.0000")&IF(ISNUMBER(L11),"; Wikipedia "&TEXT(L11,"0.000")&", Amazon "&IF(ISNUMBER(P11),TEXT(P11,"0.000"),"-"),"")) -> measured 0.166 $ per 1000 successful (all tests, panel counters); est. split per 1000 successful: Infra 0.0529; Wikipedia 0.565, Amazon 3.158 | I11: 5040 | J11: 5012 | K11: 315578 | L11: =IF(J11=0,"",B11*(I11*(K11*$D$2+$C$2)/1000000000)/J11*1000) -> 0.56539604 | M11: 1890 | N11: 939 | O11: 958163 | P11: =IF(N11=0,"",B11*(M11*(O11*$D$2+$C$2)/1000000000)/N11*1000) -> 3.1583601 | Q11: 842 | R11: 43037 | S11: =IF(R11=0,"",B11*(Q11/1000)/R11*1000) -> 0.16571183
A12: SOAX | B12: 4.67 | C12: effective price, 1 credit = $1 | D12: 25200 | E12: 25152 | F12: 214.2 | G12: =IF(E12=0,"",B12*(D12*(F12+$B$2)/1000000000)/E12*1000) -> 0.029075696 | H12: =IF(E12=0,"",IF(ISNUMBER(S12),"measured "&TEXT(S12,"0.000")&" $ per 1000 successful (all tests, panel counters); ","")&"est. split per 1000 successful: Infra "&TEXT(G12,"0.0000")&IF(ISNUMBER(L12),"; Wikipedia "&TEXT(L12,"0.000")&", Amazon "&IF(ISNUMBER(P12),TEXT(P12,"0.000"),"-"),"")) -> measured 0.091 $ per 1000 successful (all tests, panel counters); est. split per 1000 successful: Infra 0.0291; Wikipedia 0.312, Amazon 1.743 | I12: 5040 | J12: 5022 | K12: 316207 | L12: =IF(J12=0,"",B12*(I12*(K12*$D$2+$C$2)/1000000000)/J12*1000) -> 0.31166011 | M12: 1890 | N12: 935 | O12: 954948 | P12: =IF(N12=0,"",B12*(M12*(O12*$D$2+$C$2)/1000000000)/N12*1000) -> 1.7432214 | Q12: 844 | R12: 43180 | S12: =IF(R12=0,"",B12*(Q12/1000)/R12*1000) -> 0.091280222
A13: NodeMaven | B13: 5 | C13: 2 GB | D13: 25200 | E13: 25098 | F13: 215.4 | G13: =IF(E13=0,"",B13*(D13*(F13+$B$2)/1000000000)/E13*1000) -> 0.031203299 | H13: =IF(E13=0,"",IF(ISNUMBER(S13),"measured "&TEXT(S13,"0.000")&" $ per 1000 successful (all tests, panel counters); ","")&"est. split per 1000 successful: Infra "&TEXT(G13,"0.0000")&IF(ISNUMBER(L13),"; Wikipedia "&TEXT(L13,"0.000")&", Amazon "&IF(ISNUMBER(P13),TEXT(P13,"0.000"),"-"),"")) -> measured 0.100 $ per 1000 successful (all tests, panel counters); est. split per 1000 successful: Infra 0.0312; Wikipedia 0.334, Amazon 1.858 | I13: 5040 | J13: 5001 | K13: 314884 | L13: =IF(J13=0,"",B13*(I13*(K13*$D$2+$C$2)/1000000000)/J13*1000) -> 0.33385107 | M13: 1890 | N13: 948 | O13: 964240 | P13: =IF(N13=0,"",B13*(M13*(O13*$D$2+$C$2)/1000000000)/N13*1000) -> 1.8579458 | Q13: 861 | R13: 42948 | S13: =IF(R13=0,"",B13*(Q13/1000)/R13*1000) -> 0.1002375
A14: Decodo | B14: 3.75 | C14: 3 GB | D14: 25200 | E14: 25184 | F14: 212.6 | G14: =IF(E14=0,"",B14*(D14*(F14+$B$2)/1000000000)/E14*1000) -> 0.023312051 | H14: =IF(E14=0,"",IF(ISNUMBER(S14),"measured "&TEXT(S14,"0.000")&" $ per 1000 successful (all tests, panel counters); ","")&"est. split per 1000 successful: Infra "&TEXT(G14,"0.0000")&IF(ISNUMBER(L14),"; Wikipedia "&TEXT(L14,"0.000")&", Amazon "&IF(ISNUMBER(P14),TEXT(P14,"0.000"),"-"),"")) -> measured 0.077 $ per 1000 successful (all tests, panel counters); est. split per 1000 successful: Infra 0.0233; Wikipedia 0.250, Amazon 1.368 | I14: 5040 | J14: 5034 | K14: 316962 | L14: =IF(J14=0,"",B14*(I14*(K14*$D$2+$C$2)/1000000000)/J14*1000) -> 0.25019023 | M14: 1890 | N14: 1028 | O14: 1029157 | P14: =IF(N14=0,"",B14*(M14*(O14*$D$2+$C$2)/1000000000)/N14*1000) -> 1.3678189 | Q14: 860 | R14: 41947 | S14: =IF(R14=0,"",B14*(Q14/1000)/R14*1000) -> 0.076882733
A15: Evomi | B15: 1.04 | C15: Core tariff, EUR 0.93 ex-VAT | D15: 25200 | E15: 25163 | F15: 211.7 | G15: =IF(E15=0,"",B15*(D15*(F15+$B$2)/1000000000)/E15*1000) -> 0.0064696671 | H15: =IF(E15=0,"",IF(ISNUMBER(S15),"measured "&TEXT(S15,"0.000")&" $ per 1000 successful (all tests, panel counters); ","")&"est. split per 1000 successful: Infra "&TEXT(G15,"0.0000")&IF(ISNUMBER(L15),"; Wikipedia "&TEXT(L15,"0.000")&", Amazon "&IF(ISNUMBER(P15),TEXT(P15,"0.000"),"-"),"")) -> measured 0.020 $ per 1000 successful (all tests, panel counters); est. split per 1000 successful: Infra 0.0065; Wikipedia 0.069, Amazon 0.384 | I15: 5040 | J15: 5027 | K15: 316509 | L15: =IF(J15=0,"",B15*(I15*(K15*$D$2+$C$2)/1000000000)/J15*1000) -> 0.069395327 | M15: 1890 | N15: 933 | O15: 941257 | P15: =IF(N15=0,"",B15*(M15*(O15*$D$2+$C$2)/1000000000)/N15*1000) -> 0.38370818 | Q15: 827.11 | R15: 43182 | S15: =IF(R15=0,"",B15*(Q15/1000)/R15*1000) -> 0.019920207
A16: Geonode | B16: 0.79 | C16: 10 GB, subscription | D16: 25200 | E16: 24459 | F16: 205.9 | G16: =IF(E16=0,"",B16*(D16*(F16+$B$2)/1000000000)/E16*1000) -> 0.00505119 | H16: =IF(E16=0,"",IF(ISNUMBER(S16),"measured "&TEXT(S16,"0.000")&" $ per 1000 successful (all tests, panel counters); ","")&"est. split per 1000 successful: Infra "&TEXT(G16,"0.0000")&IF(ISNUMBER(L16),"; Wikipedia "&TEXT(L16,"0.000")&", Amazon "&IF(ISNUMBER(P16),TEXT(P16,"0.000"),"-"),"")) -> measured 0.015 $ per 1000 successful (all tests, panel counters); est. split per 1000 successful: Infra 0.0051; Wikipedia 0.053, Amazon 0.287 | I16: 5040 | J16: 4934 | K16: 310668 | L16: =IF(J16=0,"",B16*(I16*(K16*$D$2+$C$2)/1000000000)/J16*1000) -> 0.052835348 | M16: 1890 | N16: 932 | O16: 924517 | P16: =IF(N16=0,"",B16*(M16*(O16*$D$2+$C$2)/1000000000)/N16*1000) -> 0.28682202 | Q16: 822 | R16: 41938 | S16: =IF(R16=0,"",B16*(Q16/1000)/R16*1000) -> 0.015484286
A17: IPRoyal | B17: 5.31 | C17: 2 GB, may include tax | D17: 25200 | E17: 25063 | F17: 211.1 | G17: =IF(E17=0,"",B17*(D17*(F17+$B$2)/1000000000)/E17*1000) -> 0.033161222 | H17: =IF(E17=0,"",IF(ISNUMBER(S17),"measured "&TEXT(S17,"0.000")&" $ per 1000 successful (all tests, panel counters); ","")&"est. split per 1000 successful: Infra "&TEXT(G17,"0.0000")&IF(ISNUMBER(L17),"; Wikipedia "&TEXT(L17,"0.000")&", Amazon "&IF(ISNUMBER(P17),TEXT(P17,"0.000"),"-"),"")) -> measured 0.104 $ per 1000 successful (all tests, panel counters); est. split per 1000 successful: Infra 0.0332; Wikipedia 0.354, Amazon 1.921 | I17: 5040 | J17: 5018 | K17: 315957 | L17: =IF(J17=0,"",B17*(I17*(K17*$D$2+$C$2)/1000000000)/J17*1000) -> 0.35440738 | M17: 1890 | N17: 947 | O17: 936606 | P17: =IF(N17=0,"",B17*(M17*(O17*$D$2+$C$2)/1000000000)/N17*1000) -> 1.9210441 | Q17: 840 | R17: 42925 | S17: =IF(R17=0,"",B17*(Q17/1000)/R17*1000) -> 0.10391147

Sheet IP quality
A1: Scamalytics (score, datacenter/VPN/residential-proxy flags) and IPinfo Lite (ASN, country). Random sample of unique IPs per provider.
A3: Provider | B3: IPs checked | C3: Fraud Score avg (0-100) | D3: Fraud Score median | E3: High risk share | F3: Proxy Detection Rate | G3: Datacenter | H3: VPN | I3: Residential / ISP (ASN heuristic) | J3: Geo accuracy (IPinfo)
A4: DataImpulse | B4: 300 | C4: 3.29 | D4: 1 | E4: 0.0066666667 | F4: 0.87 | G4: 0.01 | H4: 0 | I4: 0.98 | J4: 0.99666667
A5: Floppydata | B5: 300 | C5: 3.0166667 | D5: 1 | E5: 0.0033333333 | F5: 0.60666667 | G5: 0.0033333333 | H5: 0 | I5: 0.99 | J5: 0.99333333
A6: Oxylabs | B6: 300 | C6: 4.5533333 | D6: 1 | E6: 0.013333333 | F6: 0.80333333 | G6: 0.0066666667 | H6: 0 | I6: 0.99333333 | J6: 1
A7: Rayobyte | B7: 300 | C7: 4.3933333 | D7: 1 | E7: 0.013333333 | F7: 0.59333333 | G7: 0.043333333 | H7: 0.016666667 | I7: 0.95 | J7: 0.97666667
A8: Webshare | B8: 300 | C8: 3.5633333 | D8: 1 | E8: 0 | F8: 0.83333333 | G8: 0.0066666667 | H8: 0 | I8: 0.99333333 | J8: 1
A9: ProxyEmpire | B9: 300 | C9: 3.7366667 | D9: 1 | E9: 0.0033333333 | F9: 0.83333333 | G9: 0 | H9: 0 | I9: 0.99333333 | J9: 1
A10: SOAX | B10: 300 | C10: 3.2933333 | D10: 1 | E10: 0.0033333333 | F10: 0.85333333 | G10: 0.0066666667 | H10: 0 | I10: 0.99 | J10: 0.99
A11: NodeMaven | B11: 300 | C11: 2.2533333 | D11: 1 | E11: 0 | F11: 0.77666667 | G11: 0 | H11: 0 | I11: 0.99666667 | J11: 0.99666667
A12: Decodo | B12: 300 | C12: 2.9966667 | D12: 1 | E12: 0.0033333333 | F12: 0.85 | G12: 0.0033333333 | H12: 0 | I12: 0.99333333 | J12: 0.99666667
A13: Evomi | B13: 300 | C13: 3.2833333 | D13: 1 | E13: 0.0033333333 | F13: 0.96 | G13: 0.0066666667 | H13: 0 | I13: 0.99333333 | J13: 0.99333333
A14: Geonode | B14: 300 | C14: 3.6866667 | D14: 1 | E14: 0.0033333333 | F14: 0.99333333 | G14: 0 | H14: 0 | I14: 1 | J14: 1
A15: IPRoyal | B15: 300 | C15: 4.45 | D15: 1 | E15: 0.01 | F15: 0.96 | G15: 0 | H15: 0 | I15: 0.99333333 | J15: 0.99666667

Sheet Infra runs
A1: One row per provider, server and scheduled run: shows whether results are stable during the test.
A3: Provider | B3: Server | C3: Run | D3: Started (UTC) | E3: Requests | F3: Success Rate | G3: Latency median, s
A4: DataImpulse | B4: Germany | C4: 20261005-2000 | D4: 2026-10-05 20:05:16 | E4: 1200 | F4: 0.99583333 | G4: 0.743
A5: DataImpulse | B5: Germany | C5: 20261006-0800 | D5: 2026-10-06 08:04:49 | E5: 1200 | F5: 0.99916667 | G5: 0.671
A6: DataImpulse | B6: Germany | C6: 20261006-2000 | D6: 2026-10-06 20:02:03 | E6: 1200 | F6: 0.99583333 | G6: 0.729
A7: DataImpulse | B7: Germany | C7: 20261007-0800 | D7: 2026-10-07 08:02:54 | E7: 1200 | F7: 0.99583333 | G7: 0.736
A8: DataImpulse | B8: Germany | C8: 20261007-2000 | D8: 2026-10-07 20:01:18 | E8: 1200 | F8: 0.9975 | G8: 0.708
A9: DataImpulse | B9: Germany | C9: 20261008-0800 | D9: 2026-10-08 08:00:01 | E9: 1200 | F9: 0.9975 | G9: 0.739
A10: DataImpulse | B10: Germany | C10: 20261008-2000 | D10: 2026-10-08 20:03:37 | E10: 1200 | F10: 0.9975 | G10: 0.921
A11: DataImpulse | B11: Singapore | C11: 20261005-2000 | D11: 2026-10-05 20:02:17 | E11: 1200 | F11: 0.99833333 | G11: 0.939
A12: DataImpulse | B12: Singapore | C12: 20261006-0800 | D12: 2026-10-06 08:00:01 | E12: 1200 | F12: 0.99666667 | G12: 0.961
A13: DataImpulse | B13: Singapore | C13: 20261006-2000 | D13: 2026-10-06 20:04:57 | E13: 1200 | F13: 0.99833333 | G13: 0.9335
A14: DataImpulse | B14: Singapore | C14: 20261007-0800 | D14: 2026-10-07 08:00:54 | E14: 1200 | F14: 0.98916667 | G14: 0.961
A15: DataImpulse | B15: Singapore | C15: 20261007-2000 | D15: 2026-10-07 20:03:07 | E15: 1200 | F15: 0.9975 | G15: 0.937
... A255: Webshare | B255: USA (Ashburn) | C255: 20261008-2000 | D255: 2026-10-08 20:01:54 | E255: 1200 | F255: 0.99833333 | G255: 0.909

Sheet Trend Success by run
A1: Infra Success Rate per scheduled run (08:00 / 20:00 UTC), pooled over three servers (3,600 requests per provider per run: 100 x 12 countries x 3 servers). Last column: the two latest runs together.
A3: Provider | B3: 20261005-2000 | C3: 20261006-0800 | D3: 20261006-2000 | E3: 20261007-0800 | F3: 20261007-2000 | G3: 20261008-0800 | H3: 20261008-2000 | I3: Last 2 runs
A4: DataImpulse | B4: 0.99722222 | C4: 0.9975 | D4: 0.99722222 | E4: 0.99361111 | F4: 0.99777778 | G4: 0.99861111 | H4: 0.99722222 | I4: 0.99791667
A5: Floppydata | B5: 0.94027778 | C5: 0.98888889 | D5: 0.98666667 | E5: 0.98638889 | F5: 0.98944444 | G5: 0.98388889 | H5: 0.98638889 | I5: 0.98513889
A6: Oxylabs | B6: 0.99944444 | C6: 0.99888889 | D6: 0.99944444 | E6: 0.99916667 | F6: 0.99944444 | G6: 0.99888889 | H6: 0.99916667 | I6: 0.99902778
A7: Rayobyte | B7: 0.99833333 | C7: 0.9975 | D7: 0.9975 | E7: 0.99694444 | F7: 0.99805556 | G7: 0.99666667 | H7: 0.99444444 | I7: 0.99555556
A8: Webshare | B8: 0.98972222 | C8: 0.99277778 | D8: 0.99916667 | E8: 0.99388889 | F8: 0.99805556 | G8: 0.99888889 | H8: 0.99722222 | I8: 0.99805556
A9: ProxyEmpire | B9: 0.99638889 | C9: 0.99555556 | D9: 0.99666667 | E9: 0.99388889 | F9: 0.99555556 | G9: 0.99444444 | H9: 0.9975 | I9: 0.99597222
A10: SOAX | B10: 0.99777778 | C10: 0.99833333 | D10: 0.9975 | E10: 0.99888889 | F10: 0.99777778 | G10: 0.99861111 | H10: 0.99777778 | I10: 0.99819444
A11: NodeMaven | B11: 0.99722222 | C11: 0.99472222 | D11: 0.99666667 | E11: 0.9925 | F11: 0.99666667 | G11: 0.99666667 | H11: 0.99722222 | I11: 0.99694444
A12: Decodo | B12: 1 | C12: 0.99944444 | D12: 0.99916667 | E12: 0.99888889 | F12: 0.99972222 | G12: 0.99944444 | H12: 0.99888889 | I12: 0.99916667
A13: Evomi | B13: 0.99861111 | C13: 0.99833333 | D13: 0.99861111 | E13: 0.99916667 | F13: 0.99861111 | G13: 0.99861111 | H13: 0.99777778 | I13: 0.99819444
A14: Geonode | B14: 0.98694444 | C14: 0.99138889 | D14: 0.98722222 | E14: 0.86555556 | F14: 0.98055556 | G14: 0.99027778 | H14: 0.99222222 | I14: 0.99125
A15: IPRoyal | B15: 0.9975 | C15: 0.98472222 | D15: 0.99888889 | E15: 0.99305556 | F15: 0.9975 | G15: 0.99527778 | H15: 0.995 | I15: 0.99513889

Sheet Trend Sticky by run
A1: Sticky Session Stability per run (24 sessions per provider per run: 8 x 3 servers). Floppydata runs before the official-format switch are empty. Small samples: read as a trend, not as a ranking.
A3: Provider | B3: 20261005-2130 | C3: 20261006-0330 | D3: 20261006-0930 | E3: 20261006-1530 | F3: 20261006-2130 | G3: 20261007-0330 | H3: 20261007-0930 | I3: 20261007-1530 | J3: 20261007-2130 | K3: 20261008-0330 | L3: 20261008-0930 | M3: 20261008-1530 | N3: 20261008-2130 | O3: Last 2 runs
A4: DataImpulse | B4: 0.91666667 | C4: 0.95833333 | D4: 0.91666667 | E4: 0.875 | F4: 0.58333333 | G4: 0.875 | H4: 0.875 | I4: 0.95833333 | J4: 0.875 | K4: 0.75 | L4: 0.91666667 | M4: 0.91666667 | N4: 0.91666667 | O4: 0.91666667
A5: Floppydata | D5: 0.45833333 | E5: 0.29166667 | F5: 0.375 | G5: 0.625 | H5: 0.5 | I5: 0.375 | J5: 0.375 | K5: 0.58333333 | L5: 0.625 | M5: 0.41666667 | N5: 0.58333333 | O5: 0.5
A6: Oxylabs | B6: 0.75 | C6: 0.95833333 | D6: 0.79166667 | E6: 0.75 | F6: 0.79166667 | G6: 0.83333333 | H6: 0.875 | I6: 0.83333333 | J6: 0.875 | K6: 0.70833333 | L6: 0.83333333 | M6: 0.70833333 | N6: 0.79166667 | O6: 0.75
A7: Rayobyte | B7: 0.5 | C7: 0.83333333 | D7: 0.75 | E7: 0.75 | F7: 0.625 | G7: 0.58333333 | H7: 0.66666667 | I7: 0.54166667 | J7: 0.75 | K7: 0.70833333 | L7: 0.83333333 | M7: 0.83333333 | N7: 0.75 | O7: 0.79166667
A8: Webshare | B8: 0.70833333 | C8: 0.83333333 | D8: 0.75 | E8: 0.75 | F8: 0.83333333 | G8: 0.83333333 | H8: 0.83333333 | I8: 0.79166667 | J8: 0.79166667 | K8: 0.83333333 | L8: 0.79166667 | M8: 0.75 | N8: 0.54166667 | O8: 0.64583333
A9: ProxyEmpire | B9: 0.58333333 | C9: 0.45833333 | D9: 0.58333333 | E9: 0.54166667 | F9: 0.58333333 | G9: 0.70833333 | H9: 0.58333333 | I9: 0.70833333 | J9: 0.625 | K9: 0.66666667 | L9: 0.66666667 | M9: 0.66666667 | N9: 0.58333333 | O9: 0.625
A10: SOAX | B10: 0.70833333 | C10: 0.79166667 | D10: 0.625 | E10: 0.66666667 | F10: 0.625 | G10: 0.70833333 | H10: 0.79166667 | I10: 0.66666667 | J10: 0.79166667 | K10: 0.75 | L10: 0.70833333 | M10: 0.75 | N10: 0.54166667 | O10: 0.64583333
A11: NodeMaven | B11: 0.54166667 | C11: 0.79166667 | D11: 0.66666667 | E11: 0.79166667 | F11: 0.83333333 | G11: 0.75 | H11: 0.83333333 | I11: 0.875 | J11: 0.875 | K11: 0.83333333 | L11: 0.83333333 | M11: 0.875 | N11: 0.79166667 | O11: 0.83333333
A12: Decodo | B12: 0.79166667 | C12: 0.95833333 | D12: 0.75 | E12: 0.79166667 | F12: 0.79166667 | G12: 0.83333333 | H12: 0.95833333 | I12: 0.83333333 | J12: 0.91666667 | K12: 0.75 | L12: 0.79166667 | M12: 0.79166667 | N12: 0.79166667 | O12: 0.79166667
A13: Evomi | B13: 0.83333333 | C13: 0.79166667 | D13: 0.95833333 | E13: 0.75 | F13: 0.79166667 | G13: 0.75 | H13: 0.625 | I13: 0.83333333 | J13: 0.79166667 | K13: 0.70833333 | L13: 0.83333333 | M13: 0.875 | N13: 0.91666667 | O13: 0.89583333
A14: Geonode | B14: 0.79166667 | C14: 0.91666667 | D14: 0.875 | E14: 0.875 | F14: 0.95833333 | G14: 0.75 | H14: 0.45833333 | I14: 0.75 | J14: 0.95833333 | K14: 0.79166667 | L14: 0.70833333 | M14: 0.875 | N14: 0.75 | O14: 0.8125
A15: IPRoyal | B15: 0.70833333 | C15: 0.91666667 | D15: 0.95833333 | E15: 0.83333333 | F15: 0.95833333 | G15: 0.79166667 | H15: 0.33333333 | I15: 0.83333333 | J15: 0.75 | K15: 0.79166667 | L15: 0.875 | M15: 0.83333333 | N15: 0.875 | O15: 0.85416667

Sheet Method and limits
A1: Method and limitations (read before citing the numbers)
A3: Period: 5-8 October 2026 (UTC). Three Hetzner Cloud servers: USA (Ashburn), Germany, Singapore; direct internet, no VPN.
A4: 12 providers, 12 countries (US, DE, GB, FR, ES, BR, IN, PL, UA, TR, VN, ID). Bright Data and Byteful were not tested (identity verification).
A5: We test our own provider Floppydata together with competitors: all scripts and raw data are published for verification.
A6: Infra test: https://www.cloudflare.com/cdn-cgi/trace, new IP on every request, timeout 30 s, 5 parallel requests, failures count as results.
A7: Geo Accuracy uses a single database (Cloudflare); the IPinfo cross-check is in the IP quality tab.
A8: Targets: Wikipedia (control) and Amazon search (US, DE, GB). Plain HTTP client with a Chrome TLS fingerprint, no JavaScript, so absolute Amazon numbers are lower than in a real browser.
A9: Sticky: sessions of 30 minutes, one check per 30 s, evaluated in the first 25 minutes (a session ends by design at 30 min). Where the duration is not set in the login (set in the panel or default), the provider default was tested.
A10: Floppydata sticky: only the format from its official documentation (session id + rotation-0) counts; earlier runs are excluded.
A11: Latency is the full request time (connect, tunnel, TLS, response); TTFB is measured separately (TTFB tab). It depends strongly on the distance between the test server and the exit country.
A12: Prices are as paid for the purchased packages (some with tax, some without), so they are not strictly comparable by volume; ProxyEmpire 8.47 includes tax ($7.00 without).
A13: Cost per Successful Request is an estimate: wire bytes per request are modelled (see assumptions at the top of that tab) and should be calibrated with provider panel counters.
... A15: The test is a three-day snapshot, not continuous monitoring. Differences smaller than the width of the confidence intervals are not significant.
